{"cameraMode":{"drawMode":0,"name":"Shaded","section":"Shading Mode"},"sceneLighting":true,"audioPlay":false,"sceneViewState":{"showFog":true,"showMaterialUpdate":false,"showSkybox":true,"showFlares":true,"showImageEffects":true,"showParticleSystems":true},"in2DMode":false,"pivot":{"x":3.0,"y":18.046335220336915,"z":-20.912586212158204},"rotation":{"x":0.33802708983421328,"y":-0.5995521545410156,"z":0.3087119162082672,"w":0.6564849615097046},"size":1.6674654483795167,"orthographic":true}