{"cameraMode":{"drawMode":0,"name":"Shaded","section":"Shading Mode"},"sceneLighting":false,"audioPlay":false,"sceneViewState":{"showFog":true,"showMaterialUpdate":false,"showSkybox":false,"showFlares":true,"showImageEffects":true,"showParticleSystems":true},"in2DMode":false,"pivot":{"x":0.19013667106628419,"y":0.015156328678131104,"z":-0.318034827709198},"rotation":{"x":0.024725038558244706,"y":0.9642691612243652,"z":-0.09723663330078125,"w":0.24519138038158418},"size":2.5541534423828127,"orthographic":true}