{"cameraMode":{"drawMode":0,"name":"Shaded","section":"Shading Mode"},"sceneLighting":false,"audioPlay":false,"sceneViewState":{"showFog":true,"showMaterialUpdate":false,"showSkybox":false,"showFlares":true,"showImageEffects":true,"showParticleSystems":true},"in2DMode":false,"pivot":{"x":13.200000762939454,"y":8.999598503112793,"z":-0.3999977111816406},"rotation":{"x":-0.12072256952524185,"y":0.550537645816803,"z":-0.08084743469953537,"w":-0.8220703601837158},"size":130.30856323242188,"orthographic":false}