{"cameraMode":{"drawMode":0,"name":"Shaded","section":"Shading Mode"},"sceneLighting":false,"audioPlay":false,"sceneViewState":{"showFog":true,"showMaterialUpdate":false,"showSkybox":false,"showFlares":true,"showImageEffects":true,"showParticleSystems":true},"in2DMode":false,"pivot":{"x":-11.855968475341797,"y":15.974608421325684,"z":-1.5635719299316407},"rotation":{"x":0.4484464228153229,"y":0.5463915467262268,"z":-0.44683796167373659,"w":0.5483558773994446},"size":103.71916961669922,"orthographic":false}