{"cameraMode":{"drawMode":0,"name":"Shaded","section":"Shading Mode"},"sceneLighting":true,"audioPlay":false,"sceneViewState":{"showFog":true,"showMaterialUpdate":false,"showSkybox":true,"showFlares":true,"showImageEffects":true,"showParticleSystems":true},"in2DMode":false,"pivot":{"x":-5.3708319664001469,"y":7.149806022644043,"z":-92.5511245727539},"rotation":{"x":-0.01745075173676014,"y":0.9808467030525208,"z":-0.16333255171775819,"w":-0.10516149550676346},"size":121.55999755859375,"orthographic":false}