{"cameraMode":{"drawMode":0,"name":"Shaded","section":"Shading Mode"},"sceneLighting":false,"audioPlay":false,"sceneViewState":{"showFog":true,"showMaterialUpdate":false,"showSkybox":false,"showFlares":true,"showImageEffects":true,"showParticleSystems":true},"in2DMode":false,"pivot":{"x":0.14778763055801392,"y":1.0984405279159547,"z":-1.6682872772216797},"rotation":{"x":0.00687982514500618,"y":0.9927536249160767,"z":0.06860330700874329,"w":-0.0989033654332161},"size":17.473560333251954,"orthographic":false}