{"cameraMode":{"drawMode":0,"name":"Shaded","section":"Shading Mode"},"sceneLighting":false,"audioPlay":false,"sceneViewState":{"showFog":true,"showMaterialUpdate":false,"showSkybox":false,"showFlares":true,"showImageEffects":true,"showParticleSystems":true},"in2DMode":false,"pivot":{"x":-10.625968933105469,"y":7.099609375,"z":-9.962448120117188},"rotation":{"x":-0.44185304641723635,"y":0.5200608372688294,"z":-0.3617914617061615,"w":-0.6351572871208191},"size":8.479925155639649,"orthographic":false}